label,model,mode,repeat,fold,fit_time,predict_time,accuracy,roc_auc,n_nodes,depth
ord,forest,ordinal,0,0,0.2920800410211086,0.03993737502605654,0.9452531355854619,0.8157990355641604,2927.32,31.77
ord,forest,ordinal,0,1,0.2658700830070302,0.03975762499612756,0.9436967865970887,0.8020475492483944,2844.62,32.55
ord,forest,ordinal,0,2,0.2631775419868063,0.039285624981857836,0.943055937013641,0.8087617256305615,2874.08,33.1
ord,forest,ordinal,1,0,0.2585982090095058,0.03885212499881163,0.9435136867161036,0.7984240311130693,2871.64,32.96
ord,forest,ordinal,1,1,0.2574785829929169,0.03901287500048056,0.9440629863590588,0.807988082748963,2870.54,33.5
ord,forest,ordinal,1,2,0.2602135420020204,0.038548459007870406,0.9426897372516708,0.8178238339721594,2890.66,32.61
ord,forest,ordinal,2,0,0.2573090840014629,0.03790879197185859,0.9432390368946261,0.8102319616589511,2907.24,32.06
ord,forest,ordinal,2,1,0.2610185000230558,0.03730587498284876,0.9429643870731484,0.8012086848439173,2869.58,32.58
ord,forest,ordinal,2,2,0.2603513330104761,0.026866625004913658,0.9467179346333425,0.8017057653898847,2870.68,33.33
ord,forest,ordinal,3,0,0.25333554099779576,0.038558208994800225,0.9421404376087156,0.8184294317715829,2865.6,33.41
ord,forest,ordinal,3,1,0.2522430829994846,0.0389664999966044,0.9422319875492081,0.8014577070147579,2862.36,32.43
ord,forest,ordinal,3,2,0.2531043750059325,0.03802316600922495,0.945619335347432,0.8187121956621037,2947.7,32.92
ord,forest,ordinal,4,0,0.24731383298058063,0.03744824999012053,0.9462601849308798,0.7988449412693838,2844.32,32.81
ord,forest,ordinal,4,1,0.24293108301935717,0.03939449999597855,0.941865787787238,0.8178165999423941,2910.88,32.95
ord,forest,ordinal,4,2,0.24471366699435748,0.03808837500400841,0.9411333882632976,0.8075874110119852,2868.2,32.98
