label,model,mode,repeat,fold,fit_time,predict_time,accuracy,roc_auc,n_nodes,depth
ohe,forest,onehot,0,0,29.399264750012662,0.04633841698523611,0.9443376361805365,0.8166285100549737,2019.9,92.78
ohe,forest,onehot,0,1,29.939810707990546,0.0432220830116421,0.9443376361805365,0.8041151542353396,1984.98,86.7
ohe,forest,onehot,0,2,29.7202956249821,0.041034125024452806,0.943055937013641,0.813784901523785,2023.8,88.82
ohe,forest,onehot,1,0,28.967587082996033,0.0429264169652015,0.9433305868351186,0.80358644974028,2016.46,84.77
ohe,forest,onehot,1,1,29.0201795839821,0.04594549996545538,0.9446122860020141,0.8133843171531063,2018.16,89.87
ohe,forest,onehot,1,2,32.18483304098481,0.04113404196687043,0.9435136867161036,0.8195548138729957,2012.88,93.87
ohe,forest,onehot,2,0,32.581339541007765,0.06247512501431629,0.9440629863590588,0.8107892793761415,2021.92,93.42
ohe,forest,onehot,2,1,31.20463908300735,0.04675045795738697,0.944429186121029,0.799408003500924,2028.84,88.76
ohe,forest,onehot,2,2,29.41025062504923,0.04575879097683355,0.9463517348713724,0.8111354543480718,1992.56,84.73
ohe,forest,onehot,3,0,29.421558708010707,0.04703112499555573,0.9421404376087156,0.8243253424769719,2024.36,89.18
ohe,forest,onehot,3,1,28.2464514169842,0.043135999992955476,0.9425981873111783,0.8052035561290183,1971.8,84.27
ohe,forest,onehot,3,2,30.238479417050257,0.04311200004303828,0.9455277854069395,0.818622387475009,2046.62,91.4
ohe,forest,onehot,4,0,29.93068366602529,0.03950416704174131,0.9464432848118649,0.8070540383885298,2007.4,90.11
ohe,forest,onehot,4,1,31.011472499987576,0.04359591600950807,0.9427812871921634,0.8162979687069003,2039.0,93.14
ohe,forest,onehot,4,2,31.37976304104086,0.045968958002049476,0.9404925386798498,0.8046300051064852,1995.58,88.22
