label,model,mode,repeat,fold,fit_time,predict_time,accuracy,roc_auc,n_nodes,depth
cat,forest,categorical,0,0,0.4372175000025891,0.037426625000080094,0.9426897372516708,0.8131793407856495,2000.58,30.28
cat,forest,categorical,0,1,0.43418237500009127,0.03940437501296401,0.9426897372516708,0.8239937461882914,1951.82,31.8
cat,forest,categorical,0,2,0.43555695901159197,0.035601832991233096,0.9421404376087156,0.809164926289831,1948.76,31.81
cat,forest,categorical,1,0,0.44036824998329394,0.03810400000656955,0.942048887668223,0.8064452899328194,1971.66,32.23
cat,forest,categorical,1,1,0.4244987079873681,0.039422000001650304,0.9437883365375812,0.8154240937578727,1958.84,30.51
cat,forest,categorical,1,2,0.42694991698954254,0.026898040989181027,0.9425066373706857,0.824504785928231,1969.06,31.59
cat,forest,categorical,2,0,0.4360239169909619,0.03873154200846329,0.9438798864780737,0.8260175341191414,1985.9,32.02
cat,forest,categorical,2,1,0.43473599999560975,0.03803220801637508,0.9429643870731484,0.8042983565107459,1967.06,30.37
cat,forest,categorical,2,2,0.42702058400027454,0.03805245802504942,0.9461686349903873,0.8148594458460675,1968.82,31.48
cat,forest,categorical,3,0,0.42211124999448657,0.03934658400248736,0.942048887668223,0.8288145223756189,1973.48,31.75
cat,forest,categorical,3,1,0.41981258301530033,0.03918416699161753,0.941865787787238,0.8130836768191599,1934.58,31.93
cat,forest,categorical,3,2,0.4278737500135321,0.037857624993193895,0.9442460862400439,0.8215269902572602,1991.64,31.76
cat,forest,categorical,4,0,0.4406684160057921,0.03536370801157318,0.9453446855259544,0.8137480494020282,1961.14,30.95
cat,forest,categorical,4,1,0.4264294579916168,0.0379390419984702,0.9416826879062529,0.816881647345329,1986.2,31.05
cat,forest,categorical,4,2,0.4338162500062026,0.038885624991962686,0.9395770392749244,0.8075995013667356,1940.58,31.57
